,Mismatch Type,Position,t-test p-value,Negative log(p-value),Mean Delta LFC,Percent-Active,Total number of guides
0,rA:dG,1,0.150804067329,0.821586944974,0.571055035429,0.857142857143,14
1,rA:dG,2,0.082562533208,1.08321699036,0.869819822714,0.785714285714,14
2,rA:dG,3,0.000488654176838,3.31099838469,2.8684060655,0.428571428571,14
3,rA:dG,4,5.28772469617e-05,4.27673116435,2.76736367794,0.352941176471,17
4,rA:dG,5,0.00420929883069,2.3757902413,2.029560983,0.5,14
5,rA:dG,6,8.188643422e-05,4.08678804001,2.44022294468,0.454545454545,22
6,rA:dG,7,0.00012376269586,3.90741023919,2.23101805612,0.4375,16
7,rA:dG,8,0.000132736549164,3.87700947718,2.78971802314,0.428571428571,14
8,rA:dG,9,0.00351736848176,2.45378213233,1.87966561021,0.571428571429,14
9,rA:dG,10,0.000124657888705,3.9042802329,2.50505700353,0.333333333333,15
10,rA:dG,11,0.00085583357302,3.06761068082,2.18324021073,0.4,15
11,rA:dG,12,2.59592728864e-07,6.58570747619,3.09138351221,0.263157894737,19
12,rA:dG,13,3.93048613138e-07,6.40555373178,3.505202801,0.210526315789,19
13,rA:dG,14,5.6582843575e-06,5.24731523083,3.22161318421,0.214285714286,14
14,rA:dG,15,0.00119016642051,2.92439230713,2.879517748,0.272727272727,11
15,rA:dG,16,9.19270272012e-12,11.0365567842,4.29601679667,0.0,15
16,rA:dG,17,1.07791020423e-05,4.96741741673,3.06713566288,0.176470588235,17
17,rA:dG,18,5.92529781769e-09,8.22728981623,3.34015607729,0.190476190476,21
18,rA:dG,19,1.28109481261e-11,10.8924187273,3.80125213707,0.206896551724,29
19,rA:dG,20,4.60476421188e-08,7.33679260306,3.63779897227,0.227272727273,22
20,rA:dC,1,0.0371054238727,1.4305626029,0.050513797087,1.0,23
21,rA:dC,2,0.0195536075244,1.70877310613,0.75225745104,0.8,25
22,rA:dC,3,0.00755541147577,2.12174187854,1.51548934028,0.611111111111,18
23,rA:dC,4,0.00936104672977,2.02867558678,1.66814842825,0.625,16
24,rA:dC,5,0.00443568661855,2.35303914436,1.41545486756,0.72,25
25,rA:dC,6,0.024081428476,1.61831775492,1.23028465964,0.714285714286,14
26,rA:dC,7,0.0129824815154,1.88664228709,1.66808978847,0.705882352941,17
27,rA:dC,8,0.0394675354425,1.40375999236,1.08065883313,0.733333333333,15
28,rA:dC,9,0.00678874851334,2.16821027931,1.5234074479,0.666666666667,21
29,rA:dC,10,0.000720621355653,3.14229287168,1.86015209556,0.555555555556,18
30,rA:dC,11,0.00117074831958,2.93153645691,1.7511954982,0.65,20
31,rA:dC,12,0.00595297990794,2.22526558324,1.35571704628,0.722222222222,18
32,rA:dC,13,0.000579398077599,3.23702295009,1.8118004733,0.652173913043,23
33,rA:dC,14,0.000704541528088,3.152093403,2.264535221,0.466666666667,15
34,rA:dC,15,0.00868061989836,2.06144925998,1.18146232475,0.65,20
35,rA:dC,16,1.24212750934e-09,8.90583381981,3.08566311462,0.192307692308,26
36,rA:dC,17,4.93666597799e-07,6.30656625678,3.22938127229,0.176470588235,17
37,rA:dC,18,0.000190479212927,3.72015241213,2.67471375933,0.4,15
38,rA:dC,19,0.000143651698813,3.84268923371,2.54688917038,0.375,16
39,rA:dC,20,0.0094750260571,2.02341958701,1.428728871,0.764705882353,17
40,rA:dA,1,0.00906539616113,2.04261321233,-0.00591743711111,1.0,18
41,rA:dA,2,0.0926083305908,1.03334994456,0.904866469455,0.727272727273,11
42,rA:dA,3,0.00935728697457,2.02885005113,1.32819922518,0.705882352941,17
43,rA:dA,4,0.0439251644737,1.35728660365,1.06531570536,0.636363636364,11
44,rA:dA,5,0.000981272505561,3.00821036955,2.46861821609,0.363636363636,11
45,rA:dA,6,0.0132267661301,1.87854632539,1.47753044493,0.714285714286,14
46,rA:dA,7,0.000955794915963,3.0196352839,2.23244249994,0.4375,16
47,rA:dA,8,0.000653153704203,3.18498460581,3.00116123236,0.428571428571,14
48,rA:dA,9,0.00632218749394,2.19913262865,1.83779959213,0.6,15
49,rA:dA,10,0.0423177667192,1.37347725986,0.623904999294,0.882352941176,17
50,rA:dA,11,0.00124995827822,2.90310448286,3.01043421192,0.307692307692,13
51,rA:dA,12,0.00048673987693,3.31270307204,3.01715184633,0.333333333333,12
52,rA:dA,13,0.00120468138058,2.91912780201,3.2228183492,0.3,10
53,rA:dA,14,0.000428084995957,3.36846999358,2.06519687427,0.533333333333,15
54,rA:dA,15,8.23993342411e-07,6.08407629724,3.5233905546,0.2,15
55,rA:dA,16,1.58676461618e-10,9.79948749258,4.01227371769,0.0,13
56,rA:dA,17,1.4527666993e-07,6.83780412372,3.20816742953,0.133333333333,15
57,rA:dA,18,0.00134865677781,2.87009856068,2.05252385606,0.5,16
58,rA:dA,19,0.00248524617728,2.60463058555,1.39236433608,0.538461538462,13
59,rA:dA,20,0.0363492968864,1.43950398539,1.5120413621,0.6,10
60,rC:dT,1,0.488743440634,0.31091905817,0.2284348638,1.0,10
61,rC:dT,2,0.0273906213652,1.56239811552,1.27016629582,0.727272727273,11
62,rC:dT,3,0.03087653816,1.51037139818,0.869566110133,0.866666666667,15
63,rC:dT,4,0.0316225053655,1.50000372507,0.802576254053,0.842105263158,19
64,rC:dT,5,0.00486629420939,2.31280163777,1.87011732771,0.571428571429,14
65,rC:dT,6,0.072446001491,1.13998557953,0.586186016857,0.928571428571,14
66,rC:dT,7,0.0222007107415,1.65363312167,1.05617849525,0.75,16
67,rC:dT,8,0.00237245504673,2.62480200783,1.5744346083,0.65,20
68,rC:dT,9,0.031332024741,1.50401153919,1.0903299785,0.857142857143,14
69,rC:dT,10,0.122393251746,0.912242526719,0.658185952533,0.866666666667,15
70,rC:dT,11,0.0129097524467,1.88908208555,1.33731972544,0.75,16
71,rC:dT,12,0.0106013629733,1.9746382957,1.14158271321,0.714285714286,14
72,rC:dT,13,0.000219946275932,3.65768338698,2.35946790177,0.384615384615,13
73,rC:dT,14,3.2609566461e-06,5.48665497503,3.08270436305,0.35,20
74,rC:dT,15,2.65866756473e-06,5.57533596272,3.33856971906,0.222222222222,18
75,rC:dT,16,0.150693499598,0.821905481258,0.5146634839,1.0,10
76,rC:dT,17,0.000747700220485,3.12627249129,2.12885401747,0.466666666667,15
77,rC:dT,18,0.00541736183559,2.26621215611,1.41979600585,0.538461538462,13
78,rC:dT,19,0.0132303836125,1.87842756334,3.10920602371,0.428571428571,7
79,rC:dT,20,0.000186961879176,3.72824693545,2.12119060937,0.5,16
80,rC:dC,1,0.476932346496,0.321543221856,0.222331043435,0.913043478261,23
81,rC:dC,2,0.0124439516007,1.9050416867,1.15569347652,0.695652173913,23
82,rC:dC,3,0.00143188351009,2.84409231232,2.11576694933,0.5,18
83,rC:dC,4,0.00094039716334,3.02668868957,2.32632163,0.5,16
84,rC:dC,5,0.000317503659672,3.49825126449,1.94838234204,0.6,25
85,rC:dC,6,0.00396937422699,2.40127795449,1.82290977693,0.5,14
86,rC:dC,7,0.00069881527842,3.15563760847,2.10334887271,0.470588235294,17
87,rC:dC,8,0.00956815116181,2.01917197213,1.56591527421,0.642857142857,14
88,rC:dC,9,0.00658663752034,2.18133623625,1.35901762086,0.619047619048,21
89,rC:dC,10,1.8877577763e-05,4.72405373205,2.93336489144,0.388888888889,18
90,rC:dC,11,2.52665430772e-07,6.5974541734,3.332692912,0.25,20
91,rC:dC,12,0.000347935920594,3.45850073276,2.11608453506,0.444444444444,18
92,rC:dC,13,2.89341958994e-10,9.53858858247,3.51790148341,0.136363636364,22
93,rC:dC,14,8.87796248938e-11,10.0516866943,4.45351133107,0.0,15
94,rC:dC,15,8.15587450075e-12,11.0885294656,4.4724383717,0.05,20
95,rC:dC,16,1.75764169777e-11,10.7550696529,3.46809156788,0.153846153846,26
96,rC:dC,17,1.88856895207e-10,9.72386715436,4.03030341706,0.0588235294118,17
97,rC:dC,18,1.69232831804e-07,6.77151537837,3.9535388856,0.133333333333,15
98,rC:dC,19,1.2977440926e-07,6.88681093938,3.94961270788,0.125,16
99,rC:dC,20,3.4714703077e-09,8.45948654501,4.19713088341,0.0588235294118,17
100,rC:dA,1,0.173929651099,0.759626374232,0.130931742176,1.0,17
101,rC:dA,2,0.420973749065,0.375744984904,0.181919489545,0.909090909091,11
102,rC:dA,3,0.0594069648228,1.22616263571,0.87869050025,0.6875,16
103,rC:dA,4,0.0611285109293,1.21375618335,0.5768752594,0.8,10
104,rC:dA,5,0.0236368714022,1.6264100076,1.59541577809,0.636363636364,11
105,rC:dA,6,0.0481920391181,1.31702469729,0.500292938214,0.928571428571,14
106,rC:dA,7,0.0943163552637,1.02541299035,0.855785983312,0.8125,16
107,rC:dA,8,0.0682857188046,1.16567011466,0.624457333063,0.875,16
108,rC:dA,9,0.067993524887,1.16753244376,0.802449846187,0.875,16
109,rC:dA,10,0.356170954832,0.448341499445,0.287787770118,0.941176470588,17
110,rC:dA,11,0.000382799778613,3.41702832206,2.81788938477,0.307692307692,13
111,rC:dA,12,0.00232068875896,2.63438310139,2.394105287,0.538461538462,13
112,rC:dA,13,0.0534738101172,1.27185887044,1.317781265,0.7,10
113,rC:dA,14,0.00968157794579,2.01405385371,1.5605560728,0.733333333333,15
114,rC:dA,15,6.15750963781e-08,7.21059489973,3.73400194973,0.0666666666667,15
115,rC:dA,16,1.71269967531e-05,4.76631878461,2.93267390154,0.307692307692,13
116,rC:dA,17,0.00110905873119,2.95504545479,2.11426233133,0.466666666667,15
117,rC:dA,18,0.0130186401788,1.88543437627,1.5979036055,0.642857142857,14
118,rC:dA,19,0.000969437618493,3.01348013173,2.00483942015,0.461538461538,13
119,rC:dA,20,0.000346745602075,3.45998903857,2.6863449318,0.3,10
120,rG:dT,1,0.343477293775,0.464101967525,0.3265736765,0.9,10
121,rG:dT,2,0.27157396715,0.566111863497,0.447096791846,0.846153846154,13
122,rG:dT,3,0.0210829638561,1.67606833578,1.07625692156,0.75,16
123,rG:dT,4,0.212998214247,0.671624037623,0.3803425939,0.9,20
124,rG:dT,5,0.0337253073543,1.47204408371,0.8208624114,0.866666666667,15
125,rG:dT,6,0.226518006494,0.644897269102,0.375357796364,1.0,11
126,rG:dT,7,0.49643971714,0.304133480508,0.234269123133,1.0,15
127,rG:dT,8,0.369637326235,0.432224179878,0.27958089665,1.0,20
128,rG:dT,9,0.00257137138344,2.58983519363,1.40128011893,0.642857142857,14
129,rG:dT,10,0.492024002544,0.308013710407,0.228559302067,0.933333333333,15
130,rG:dT,11,0.197355178475,0.704751473507,0.135342548357,1.0,14
131,rG:dT,12,0.0771881873166,1.1124491579,0.7113887302,0.933333333333,15
132,rG:dT,13,0.186876469151,0.728445380062,0.503912307615,0.923076923077,13
133,rG:dT,14,0.0164312734391,1.78432877703,1.3262679342,0.75,20
134,rG:dT,15,0.0121427926253,1.9156814218,0.712687274529,0.941176470588,17
135,rG:dT,16,0.0799397794102,1.09723705449,0.5834742403,1.0,10
136,rG:dT,17,0.031899122744,1.49622126029,0.621936479333,0.933333333333,15
137,rG:dT,18,0.0163170856942,1.78735740563,1.54012985969,0.692307692308,13
138,rG:dT,19,0.035666991669,1.44773351967,1.84712624514,0.714285714286,7
139,rG:dT,20,0.347472530215,0.459079523298,0.147389725375,0.9375,16
140,rG:dG,1,0.0214577344651,1.66841613331,1.07662987614,0.714285714286,14
141,rG:dG,2,0.0248370885973,1.6048993135,1.25279682992,0.692307692308,13
142,rG:dG,3,0.00110127908197,2.95810260982,2.23839242969,0.384615384615,13
143,rG:dG,4,0.00056140204735,3.25072600789,2.06201117065,0.529411764706,17
144,rG:dG,5,0.0741988169942,1.12960301894,0.7559504915,0.785714285714,14
145,rG:dG,6,0.00513645715933,2.28933632977,1.53732259077,0.681818181818,22
146,rG:dG,7,0.00547697001248,2.26145963692,1.56270852794,0.6875,16
147,rG:dG,8,0.00927646251716,2.03261760591,1.81416057715,0.615384615385,13
148,rG:dG,9,0.00288844744919,2.53933552936,2.43821766608,0.538461538462,13
149,rG:dG,10,0.00012441528769,3.90512625187,2.3687461518,0.4,15
150,rG:dG,11,0.000935078300878,3.02915202098,1.93801942643,0.428571428571,14
151,rG:dG,12,0.00134624060091,2.87087731581,1.52862736053,0.529411764706,17
152,rG:dG,13,0.000575224017736,3.24016298884,2.02573382821,0.421052631579,19
153,rG:dG,14,0.0003524915995,3.45285122856,2.47466781086,0.428571428571,14
154,rG:dG,15,0.00153151619084,2.81487840757,3.19191430573,0.272727272727,11
155,rG:dG,16,2.80181985282e-08,7.55255979176,4.38668382253,0.0,15
156,rG:dG,17,2.78137810986e-07,6.55573996768,2.92358739182,0.235294117647,17
157,rG:dG,18,0.000102995298099,3.98718260108,2.21246721224,0.47619047619,21
158,rG:dG,19,1.20463990735e-06,5.9191427536,2.37811274734,0.448275862069,29
159,rG:dG,20,1.58418838499e-05,4.80019317521,2.20549211538,0.428571428571,21
160,rG:dA,1,0.01571868458,1.80358380076,0.0307767255294,1.0,17
161,rG:dA,2,0.152906153588,0.815575036395,0.771397841182,0.636363636364,11
162,rG:dA,3,0.000304172406047,3.51688018688,2.04335773281,0.5,16
163,rG:dA,4,0.00328067728222,2.48403648874,2.734562106,0.363636363636,11
164,rG:dA,5,0.00167081951892,2.77707045984,2.8771662918,0.3,10
165,rG:dA,6,0.00811820331529,2.09054007625,1.56499885867,0.666666666667,12
166,rG:dA,7,0.0109494014782,1.9606096198,1.771014358,0.571428571429,14
167,rG:dA,8,0.00231652214621,2.63516354354,2.29429543556,0.625,16
168,rG:dA,9,0.00541696988016,2.2662435792,1.81475563333,0.533333333333,15
169,rG:dA,10,0.0118562109759,1.92605408122,0.750658592187,0.8125,16
170,rG:dA,11,0.000634602430784,3.19749826871,2.427422152,0.384615384615,13
171,rG:dA,12,0.00136920475297,2.86353160195,2.61812147577,0.384615384615,13
172,rG:dA,13,0.000424043807816,3.37258927428,3.0037094404,0.3,10
173,rG:dA,14,3.47400703725e-05,4.45916930614,3.125476681,0.266666666667,15
174,rG:dA,15,4.20922668738e-07,6.37579768475,3.49937655943,0.142857142857,14
175,rG:dA,16,3.39589718458e-08,7.46904546709,4.80779457308,0.0,13
176,rG:dA,17,2.3126022329e-05,4.63589905937,2.849915169,0.25,16
177,rG:dA,18,0.00770354417525,2.11330942267,1.51604328007,0.666666666667,15
178,rG:dA,19,0.0170242806649,1.76893122948,1.51448937833,0.666666666667,12
179,rG:dA,20,0.192154576013,0.716349268689,0.5863810494,0.7,10
180,rU:dT,1,0.442436509602,0.354149042498,0.255371663444,1.0,9
181,rU:dT,2,0.136875003171,0.863675857755,0.724543079,0.846153846154,13
182,rU:dT,3,0.033181921575,1.47909846746,0.9857222935,0.714285714286,14
183,rU:dT,4,0.000881696770177,3.05468075011,1.88974004767,0.47619047619,21
184,rU:dT,5,0.0041077849735,2.3863922981,1.54626205657,0.5,14
185,rU:dT,6,0.0736170559724,1.13302155446,0.7021517108,0.866666666667,15
186,rU:dT,7,0.165504190242,0.781191006263,0.536955446,0.875,16
187,rU:dT,8,0.045975109989,1.3374772231,1.00685298425,0.8,20
188,rU:dT,9,0.281694413205,0.550221766213,0.420194663214,0.928571428571,14
189,rU:dT,10,0.286316392333,0.543153786816,0.441593031714,0.857142857143,14
190,rU:dT,11,0.0282028312134,1.54970729173,1.13709046769,0.75,16
191,rU:dT,12,0.0170022362704,1.76949395297,1.1571552846,0.8,15
192,rU:dT,13,0.00155435134288,2.80845080727,1.54617369777,0.692307692308,13
193,rU:dT,14,0.000291123621065,3.53592255553,2.06771471386,0.619047619048,21
194,rU:dT,15,0.00111830631622,2.95143922219,1.764403736,0.578947368421,19
195,rU:dT,16,0.0274805987447,1.56097380914,1.21176637673,0.909090909091,11
196,rU:dT,17,0.00103184311188,2.98638633064,2.25820756293,0.533333333333,15
197,rU:dT,18,0.00661677802026,2.17935343483,1.99648434417,0.666666666667,12
198,rU:dT,19,0.00164145623818,2.78477069123,2.73553261257,0.285714285714,7
199,rU:dT,20,0.000897897163506,3.04677340039,2.07660601187,0.5625,16
200,rU:dG,1,0.148435349668,0.828462660124,0.490247313071,0.857142857143,14
201,rU:dG,2,0.0373872250593,1.42727676769,0.746011113143,0.857142857143,14
202,rU:dG,3,0.0111067048248,1.95441476992,1.68801805071,0.428571428571,14
203,rU:dG,4,0.00106700267136,2.97183449327,1.92215477735,0.647058823529,17
204,rU:dG,5,0.369612929928,0.432252844546,0.182894749071,1.0,14
205,rU:dG,6,0.255184994585,0.593144866631,0.386041647136,0.909090909091,22
206,rU:dG,7,0.0140908343847,1.85106328951,1.32933248625,0.6875,16
207,rU:dG,8,0.324772591172,0.488420629693,0.145973730286,1.0,14
208,rU:dG,9,0.210421145041,0.676910620443,0.411519638154,0.923076923077,13
209,rU:dG,10,0.000947403143634,3.02346517855,2.3166349804,0.533333333333,15
210,rU:dG,11,0.00459101261654,2.33809151375,1.47329815427,0.666666666667,15
211,rU:dG,12,0.435712870006,0.360799611765,0.272924636632,0.947368421053,19
212,rU:dG,13,0.0508396118834,1.29379777357,0.815960129737,0.789473684211,19
213,rU:dG,14,9.07036457098e-05,4.04237525671,3.24747712207,0.285714285714,14
214,rU:dG,15,0.000617162260603,3.20960063885,3.39051984664,0.272727272727,11
215,rU:dG,16,0.00260528448592,2.58414484668,1.8943309858,0.666666666667,15
216,rU:dG,17,0.00634259230001,2.19773320403,1.25513227,0.705882352941,17
217,rU:dG,18,9.26021281528e-05,4.03337903238,2.20195081348,0.428571428571,21
218,rU:dG,19,4.33563911726e-09,8.36294687405,3.14355990755,0.275862068966,29
219,rU:dG,20,9.38756274223e-11,10.0274471474,3.67765568723,0.0909090909091,22
220,rU:dC,1,0.0851790252257,1.06966733423,0.054316655087,0.95652173913,23
221,rU:dC,2,0.0903417185079,1.04411165241,0.6172904012,0.84,25
222,rU:dC,3,0.000492959952051,3.30718836127,1.795098132,0.5,18
223,rU:dC,4,0.0095650501819,2.01931274716,1.91422459575,0.625,16
224,rU:dC,5,0.000829366415138,3.0812535552,1.68193540024,0.64,25
225,rU:dC,6,0.0087722597427,2.05688851754,1.83942382779,0.571428571429,14
226,rU:dC,7,0.00518102143613,2.28558461084,1.34680362171,0.588235294118,17
227,rU:dC,8,0.0525804759572,1.27917548699,1.28891011093,0.733333333333,15
228,rU:dC,9,0.00491868981755,2.30815056406,1.53436525276,0.619047619048,21
229,rU:dC,10,0.000675478435306,3.1703885113,2.05308465672,0.5,18
230,rU:dC,11,9.72969741057e-06,5.01190066589,2.9586145127,0.4,20
231,rU:dC,12,0.00052616592938,3.27887727704,2.17159739506,0.5,18
232,rU:dC,13,5.57780781257e-08,7.25353645374,2.93707953796,0.260869565217,23
233,rU:dC,14,8.60495549558e-09,8.06525137148,4.498263625,0.0,15
234,rU:dC,15,8.99224028646e-12,11.0461320966,4.0517492811,0.05,20
235,rU:dC,16,1.70117102255e-07,6.76925202359,2.65078347512,0.346153846154,26
236,rU:dC,17,7.44012551802e-08,7.12841973766,3.70373679659,0.117647058824,17
237,rU:dC,18,1.97844035228e-05,4.70367703868,2.85422124487,0.333333333333,15
238,rU:dC,19,1.58985043668e-06,5.7986437295,3.12649619337,0.25,16
239,rU:dC,20,7.67830881971e-07,6.11473442465,3.17271725706,0.176470588235,17
